
SET NAMES utf8mb4;
SET FOREIGN_KEY_CHECKS = 0;

-- ----------------------------
-- Table structure for crm_customer
-- ----------------------------
DROP TABLE IF EXISTS `crm_customer`;
CREATE TABLE `crm_customer` (
  `id` bigint(20) NOT NULL AUTO_INCREMENT COMMENT '客户ID',
  `code` varchar(32) DEFAULT '' COMMENT '客户编号',
  `name` varchar(64) DEFAULT '' COMMENT '客户名称',
  `linkman` varchar(64) DEFAULT '' COMMENT '联系人',
  `phone` varchar(64) DEFAULT '' COMMENT '联系电话',
  `region` varchar(64) DEFAULT '' COMMENT '地区',
  `customer_industry` varchar(64) DEFAULT '' COMMENT '客户行业',
  `customer_rank` varchar(64) DEFAULT '' COMMENT '客户级别',
  `customer_status` varchar(64) DEFAULT '' COMMENT '客户状态',
  `clues_name` varchar(64) DEFAULT '' COMMENT '线索名称',
  `clues_source` varchar(64) DEFAULT '' COMMENT '线索来源',
  `clues_status` varchar(64) DEFAULT '' COMMENT '线索状态',
  `deal_status` char(1) DEFAULT '0' COMMENT '是否成交(0未成交 1成交)',
  `status` char(1) DEFAULT '1' COMMENT '状态(0线索 1客户 2公海)',
  `owner` varchar(64) DEFAULT NULL COMMENT '负责人',
  `del_flag` char(1) DEFAULT '0' COMMENT '删除标志(0代表存在 2代表删除)',
  `version` int(11) DEFAULT '0' COMMENT '版本',
  `create_by` varchar(64) DEFAULT '' COMMENT '创建者',
  `create_time` datetime DEFAULT NULL COMMENT '创建时间',
  `update_by` varchar(64) DEFAULT '' COMMENT '更新者',
  `update_time` datetime DEFAULT NULL COMMENT '更新时间',
  `remark` varchar(500) DEFAULT NULL COMMENT '备注',
  `last_update_record` varchar(255) DEFAULT '' COMMENT '最后跟进记录',
  `last_followup_time` datetime DEFAULT NULL COMMENT '最后跟进时间',
  `next_followup_time` datetime DEFAULT NULL COMMENT '下次跟进时间',
  `pre_owner` varchar(64) DEFAULT '' COMMENT '前负责人',
  `to_pool_time` datetime DEFAULT NULL COMMENT '转公海时间',
  `to_customer_time` datetime DEFAULT NULL COMMENT '转客户时间',
  `pool_type` varchar(64) DEFAULT '' COMMENT '公海类型',
  PRIMARY KEY (`id`) USING BTREE,
  KEY `idx_name` (`name`) USING BTREE,
  KEY `idx_phone` (`phone`) USING BTREE
) ENGINE=InnoDB AUTO_INCREMENT=19 DEFAULT CHARSET=utf8mb4 COMMENT='客户表';

-- ----------------------------
-- Records of crm_customer
-- ----------------------------
BEGIN;
INSERT INTO `crm_customer` VALUES (2, NULL, '新线索客户', '刘俊迪', '13829988152', '北京市', NULL, 'C', '签单客户', '新线索', '百度', '有效', '0', '2', 'TenantUser01', '0', 0, '', '2022-01-13 16:21:48', '', '2022-01-14 15:01:05', NULL, NULL, NULL, NULL, 'admin', NULL, '2022-01-14 15:01:05', 'normal');
INSERT INTO `crm_customer` VALUES (3, '', '线索2转客户', '李四', '13829988323', '', '', '', '', '线索2', '头条', '有效', '0', '2', 'TenantUser01', '0', 0, 'admin', '2022-01-13 19:49:46', '', '2022-01-14 17:04:53', NULL, '', NULL, NULL, 'admin', NULL, '2022-01-14 17:04:53', 'normal');
INSERT INTO `crm_customer` VALUES (4, '', 'att', 'a1', '15622222222', '北京市', '', '', '', 'a', '抖音', '有效', '0', '1', 'admin', '0', 0, 'admin', '2022-01-15 14:16:54', '', '2022-01-15 19:34:35', 'am', '', NULL, NULL, '', NULL, '2022-01-15 14:23:11', '');
INSERT INTO `crm_customer` VALUES (12, '', '', '2342', '4234', '', '', '', '', '去42', '', '', '0', '0', 'admin', '0', 0, 'admin', '2022-01-15 23:38:45', '', NULL, NULL, '', NULL, NULL, '', NULL, NULL, '');
INSERT INTO `crm_customer` VALUES (13, '', '', '2342', '4234', '', '', '', '', '去42', '', '', '0', '0', 'admin', '0', 0, 'admin', '2022-01-15 23:39:19', '', NULL, NULL, '', NULL, NULL, '', NULL, NULL, '');
INSERT INTO `crm_customer` VALUES (14, '', '', '1234', '42343', '', '', '', '', '4213', '', '', '0', '0', 'admin', '0', 0, 'admin', '2022-01-15 23:40:47', '', NULL, NULL, '', NULL, NULL, '', NULL, NULL, '');
INSERT INTO `crm_customer` VALUES (15, '', '', '532', '234', '', '', '', '', '543', '', '', '0', '0', 'admin', '0', 0, 'admin', '2022-01-15 23:52:27', '', NULL, NULL, '', NULL, NULL, '', NULL, NULL, '');
INSERT INTO `crm_customer` VALUES (16, '', '', '324', '52345', '', '', '', '', '5135', '', '', '0', '0', 'admin', '0', 0, 'admin', '2022-01-15 23:54:34', '', NULL, NULL, '', NULL, NULL, '', NULL, NULL, '');
INSERT INTO `crm_customer` VALUES (17, '', '', '324', '52345', '', '', '', '', '5135', '', '', '0', '0', 'admin', '0', 0, 'admin', '2022-01-15 23:54:47', '', NULL, NULL, '', NULL, NULL, '', NULL, NULL, '');
INSERT INTO `crm_customer` VALUES (18, '', '', 'qwreqwer', '人42', '', '', '', '', 'rqwer', '', '', '0', '0', 'admin', '0', 0, 'admin', '2022-01-16 00:14:25', '', NULL, NULL, '', NULL, NULL, '', NULL, NULL, '');
COMMIT;

-- ----------------------------
-- Table structure for gen_table
-- ----------------------------
DROP TABLE IF EXISTS `gen_table`;
CREATE TABLE `gen_table` (
  `table_id` bigint(20) NOT NULL AUTO_INCREMENT COMMENT '编号',
  `table_name` varchar(200) DEFAULT '' COMMENT '表名称',
  `table_comment` varchar(500) DEFAULT '' COMMENT '表描述',
  `sub_table_name` varchar(64) DEFAULT NULL COMMENT '关联子表的表名',
  `sub_table_fk_name` varchar(64) DEFAULT NULL COMMENT '子表关联的外键名',
  `class_name` varchar(100) DEFAULT '' COMMENT '实体类名称',
  `tpl_category` varchar(200) DEFAULT 'crud' COMMENT '使用的模板（crud单表操作 tree树表操作）',
  `package_name` varchar(100) DEFAULT NULL COMMENT '生成包路径',
  `module_name` varchar(30) DEFAULT NULL COMMENT '生成模块名',
  `business_name` varchar(30) DEFAULT NULL COMMENT '生成业务名',
  `function_name` varchar(50) DEFAULT NULL COMMENT '生成功能名',
  `function_author` varchar(50) DEFAULT NULL COMMENT '生成功能作者',
  `gen_type` char(1) DEFAULT '0' COMMENT '生成代码方式（0zip压缩包 1自定义路径）',
  `gen_path` varchar(200) DEFAULT '/' COMMENT '生成路径（不填默认项目路径）',
  `options` varchar(1000) DEFAULT NULL COMMENT '其它生成选项',
  `create_by` varchar(64) DEFAULT '' COMMENT '创建者',
  `create_time` datetime DEFAULT NULL COMMENT '创建时间',
  `update_by` varchar(64) DEFAULT '' COMMENT '更新者',
  `update_time` datetime DEFAULT NULL COMMENT '更新时间',
  `remark` varchar(500) DEFAULT NULL COMMENT '备注',
  PRIMARY KEY (`table_id`)
) ENGINE=InnoDB AUTO_INCREMENT=2 DEFAULT CHARSET=utf8mb4 COMMENT='代码生成业务表';

-- ----------------------------
-- Records of gen_table
-- ----------------------------
BEGIN;
INSERT INTO `gen_table` VALUES (1, 'crm_customer', '客户表', NULL, NULL, 'CrmCustomer', 'crud', 'com.ruoyi.crm', 'crm', 'customer', '客户', 'ruoyi', '0', '/', '{}', 'admin', '2022-01-12 18:02:20', '', '2022-01-14 10:07:26', NULL);
COMMIT;

-- ----------------------------
-- Table structure for gen_table_column
-- ----------------------------
DROP TABLE IF EXISTS `gen_table_column`;
CREATE TABLE `gen_table_column` (
  `column_id` bigint(20) NOT NULL AUTO_INCREMENT COMMENT '编号',
  `table_id` varchar(64) DEFAULT NULL COMMENT '归属表编号',
  `column_name` varchar(200) DEFAULT NULL COMMENT '列名称',
  `column_comment` varchar(500) DEFAULT NULL COMMENT '列描述',
  `column_type` varchar(100) DEFAULT NULL COMMENT '列类型',
  `java_type` varchar(500) DEFAULT NULL COMMENT 'JAVA类型',
  `java_field` varchar(200) DEFAULT NULL COMMENT 'JAVA字段名',
  `is_pk` char(1) DEFAULT NULL COMMENT '是否主键（1是）',
  `is_increment` char(1) DEFAULT NULL COMMENT '是否自增（1是）',
  `is_required` char(1) DEFAULT NULL COMMENT '是否必填（1是）',
  `is_insert` char(1) DEFAULT NULL COMMENT '是否为插入字段（1是）',
  `is_edit` char(1) DEFAULT NULL COMMENT '是否编辑字段（1是）',
  `is_list` char(1) DEFAULT NULL COMMENT '是否列表字段（1是）',
  `is_query` char(1) DEFAULT NULL COMMENT '是否查询字段（1是）',
  `query_type` varchar(200) DEFAULT 'EQ' COMMENT '查询方式（等于、不等于、大于、小于、范围）',
  `html_type` varchar(200) DEFAULT NULL COMMENT '显示类型（文本框、文本域、下拉框、复选框、单选框、日期控件）',
  `dict_type` varchar(200) DEFAULT '' COMMENT '字典类型',
  `sort` int(11) DEFAULT NULL COMMENT '排序',
  `create_by` varchar(64) DEFAULT '' COMMENT '创建者',
  `create_time` datetime DEFAULT NULL COMMENT '创建时间',
  `update_by` varchar(64) DEFAULT '' COMMENT '更新者',
  `update_time` datetime DEFAULT NULL COMMENT '更新时间',
  PRIMARY KEY (`column_id`)
) ENGINE=InnoDB AUTO_INCREMENT=32 DEFAULT CHARSET=utf8mb4 COMMENT='代码生成业务表字段';

-- ----------------------------
-- Records of gen_table_column
-- ----------------------------
BEGIN;
INSERT INTO `gen_table_column` VALUES (1, '1', 'id', '客户ID', 'bigint(20)', 'Long', 'id', '1', '1', NULL, '1', NULL, NULL, NULL, 'EQ', 'input', '', 1, 'admin', '2022-01-12 18:02:20', '', '2022-01-14 10:07:26');
INSERT INTO `gen_table_column` VALUES (2, '1', 'code', '客户编号', 'varchar(32)', 'String', 'code', '0', '0', NULL, '1', '1', '1', '1', 'LIKE', 'input', '', 2, 'admin', '2022-01-12 18:02:20', '', '2022-01-14 10:07:26');
INSERT INTO `gen_table_column` VALUES (3, '1', 'name', '客户名称', 'varchar(64)', 'String', 'name', '0', '0', '1', '1', '1', '1', '1', 'LIKE', 'input', '', 3, 'admin', '2022-01-12 18:02:20', '', '2022-01-14 10:07:26');
INSERT INTO `gen_table_column` VALUES (4, '1', 'linkman', '联系人', 'varchar(64)', 'String', 'linkman', '0', '0', '1', '1', '1', '1', '1', 'LIKE', 'input', '', 4, 'admin', '2022-01-12 18:02:20', '', '2022-01-14 10:07:26');
INSERT INTO `gen_table_column` VALUES (5, '1', 'phone', '联系电话', 'varchar(64)', 'String', 'phone', '0', '0', '1', '1', '1', '1', '1', 'LIKE', 'input', '', 5, 'admin', '2022-01-12 18:02:20', '', '2022-01-14 10:07:26');
INSERT INTO `gen_table_column` VALUES (6, '1', 'region', '地区', 'varchar(64)', 'String', 'region', '0', '0', NULL, '1', '1', '1', '1', 'EQ', 'select', 'region_list', 6, 'admin', '2022-01-12 18:02:20', '', '2022-01-14 10:07:26');
INSERT INTO `gen_table_column` VALUES (7, '1', 'customer_industry', '客户行业', 'varchar(64)', 'String', 'customerIndustry', '0', '0', NULL, '1', '1', '1', '1', 'EQ', 'select', 'customer_industry', 7, 'admin', '2022-01-12 18:02:20', '', '2022-01-14 10:07:26');
INSERT INTO `gen_table_column` VALUES (8, '1', 'customer_rank', '客户级别', 'varchar(64)', 'String', 'customerRank', '0', '0', '1', '1', '1', '1', '1', 'EQ', 'select', 'customer_rank', 8, 'admin', '2022-01-12 18:02:20', '', '2022-01-14 10:07:26');
INSERT INTO `gen_table_column` VALUES (9, '1', 'customer_status', '客户状态', 'varchar(64)', 'String', 'customerStatus', '0', '0', NULL, '1', '1', '1', '1', 'EQ', 'select', 'customer_status', 9, 'admin', '2022-01-12 18:02:20', '', '2022-01-14 10:07:26');
INSERT INTO `gen_table_column` VALUES (10, '1', 'status', '状态(0线索 1客户 2公海)', 'char(1)', 'String', 'status', '0', '0', NULL, NULL, NULL, NULL, NULL, 'EQ', 'radio', '', 10, 'admin', '2022-01-12 18:02:20', '', '2022-01-14 10:07:26');
INSERT INTO `gen_table_column` VALUES (11, '1', 'clues_name', '线索名称', 'varchar(64)', 'String', 'cluesName', '0', '0', '1', '1', '1', '1', '1', 'LIKE', 'input', '', 11, 'admin', '2022-01-12 18:02:20', '', '2022-01-14 10:07:26');
INSERT INTO `gen_table_column` VALUES (12, '1', 'clues_source', '线索来源', 'varchar(64)', 'String', 'cluesSource', '0', '0', NULL, '1', '1', '1', '1', 'EQ', 'select', 'clues_source', 12, 'admin', '2022-01-12 18:02:20', '', '2022-01-14 10:07:26');
INSERT INTO `gen_table_column` VALUES (13, '1', 'clues_status', '线索状态', 'varchar(64)', 'String', 'cluesStatus', '0', '0', NULL, '1', '1', '1', '1', 'EQ', 'select', 'clues_status', 13, 'admin', '2022-01-12 18:02:20', '', '2022-01-14 10:07:26');
INSERT INTO `gen_table_column` VALUES (14, '1', 'deal_status', '是否成交(0未成交 1成交)', 'char(1)', 'String', 'dealStatus', '0', '0', NULL, NULL, NULL, NULL, NULL, 'EQ', 'radio', '', 14, 'admin', '2022-01-12 18:02:20', '', '2022-01-14 10:07:26');
INSERT INTO `gen_table_column` VALUES (16, '1', 'del_flag', '删除标志(0代表存在 2代表删除)', 'char(1)', 'String', 'delFlag', '0', '0', NULL, NULL, NULL, NULL, NULL, 'EQ', 'input', '', 16, 'admin', '2022-01-12 18:02:20', '', '2022-01-14 10:07:26');
INSERT INTO `gen_table_column` VALUES (17, '1', 'version', '版本', 'int(11)', 'Long', 'version', '0', '0', NULL, NULL, NULL, NULL, NULL, 'EQ', 'input', '', 17, 'admin', '2022-01-12 18:02:20', '', '2022-01-14 10:07:26');
INSERT INTO `gen_table_column` VALUES (18, '1', 'create_by', '创建者', 'varchar(64)', 'String', 'createBy', '0', '0', NULL, '1', NULL, NULL, NULL, 'EQ', 'input', '', 18, 'admin', '2022-01-12 18:02:20', '', '2022-01-14 10:07:26');
INSERT INTO `gen_table_column` VALUES (19, '1', 'create_time', '创建时间', 'datetime', 'Date', 'createTime', '0', '0', NULL, '1', NULL, NULL, '1', 'EQ', 'datetime', '', 19, 'admin', '2022-01-12 18:02:20', '', '2022-01-14 10:07:26');
INSERT INTO `gen_table_column` VALUES (20, '1', 'update_by', '更新者', 'varchar(64)', 'String', 'updateBy', '0', '0', NULL, '1', '1', NULL, NULL, 'EQ', 'input', '', 20, 'admin', '2022-01-12 18:02:20', '', '2022-01-14 10:07:26');
INSERT INTO `gen_table_column` VALUES (21, '1', 'update_time', '更新时间', 'datetime', 'Date', 'updateTime', '0', '0', NULL, '1', '1', NULL, NULL, 'EQ', 'datetime', '', 21, 'admin', '2022-01-12 18:02:20', '', '2022-01-14 10:07:26');
INSERT INTO `gen_table_column` VALUES (22, '1', 'remark', '备注', 'varchar(500)', 'String', 'remark', '0', '0', NULL, '1', '1', NULL, NULL, 'EQ', 'textarea', '', 22, 'admin', '2022-01-12 18:02:20', '', '2022-01-14 10:07:26');
INSERT INTO `gen_table_column` VALUES (23, '1', 'last_update_record', '最后跟进记录', 'varchar(255)', 'String', 'lastUpdateRecord', '0', '0', NULL, NULL, NULL, '1', NULL, 'EQ', 'input', '', 23, '', '2022-01-13 10:40:24', '', '2022-01-14 10:07:26');
INSERT INTO `gen_table_column` VALUES (24, '1', 'last_followup_time', '最后跟进时间', 'datetime', 'Date', 'lastFollowupTime', '0', '0', NULL, NULL, NULL, '1', NULL, 'EQ', 'datetime', '', 24, '', '2022-01-13 10:40:24', '', '2022-01-14 10:07:26');
INSERT INTO `gen_table_column` VALUES (25, '1', 'next_followup_time', '下次跟进时间', 'datetime', 'Date', 'nextFollowupTime', '0', '0', NULL, NULL, NULL, '1', NULL, 'EQ', 'datetime', '', 25, '', '2022-01-13 10:40:24', '', '2022-01-14 10:07:26');
INSERT INTO `gen_table_column` VALUES (27, '1', 'to_liberum_time', '转公海时间', 'datetime', 'Date', 'toLiberumTime', '0', '0', NULL, NULL, NULL, '1', NULL, 'EQ', 'datetime', '', 27, '', '2022-01-13 10:40:24', '', '2022-01-14 10:07:26');
INSERT INTO `gen_table_column` VALUES (28, '1', 'to_customer_time', '转客户时间', 'datetime', 'Date', 'toCustomerTime', '0', '0', NULL, NULL, NULL, '1', NULL, 'EQ', 'datetime', '', 28, '', '2022-01-13 10:40:24', '', '2022-01-14 10:07:26');
INSERT INTO `gen_table_column` VALUES (29, '1', 'liberum_type', '公海类型', 'varchar(64)', 'String', 'liberumType', '0', '0', NULL, NULL, NULL, NULL, NULL, 'EQ', 'select', '', 29, '', '2022-01-13 10:40:24', '', '2022-01-14 10:07:26');
INSERT INTO `gen_table_column` VALUES (30, '1', 'owner', '负责人', 'varchar(64)', 'String', 'owner', '0', '0', NULL, '1', '1', '1', '1', 'EQ', 'input', '', 15, '', '2022-01-14 10:07:17', '', '2022-01-14 10:07:26');
INSERT INTO `gen_table_column` VALUES (31, '1', 'pre_owner', '前负责人', 'varchar(64)', 'String', 'preOwner', '0', '0', NULL, '1', '1', '1', '1', 'EQ', 'input', '', 26, '', '2022-01-14 10:07:17', '', '2022-01-14 10:07:26');
COMMIT;

-- ----------------------------
-- Table structure for sys_config
-- ----------------------------
DROP TABLE IF EXISTS `sys_config`;
CREATE TABLE `sys_config` (
  `config_id` int(5) NOT NULL AUTO_INCREMENT COMMENT '参数主键',
  `config_name` varchar(100) DEFAULT '' COMMENT '参数名称',
  `config_key` varchar(100) DEFAULT '' COMMENT '参数键名',
  `config_value` varchar(500) DEFAULT '' COMMENT '参数键值',
  `config_type` char(1) DEFAULT 'N' COMMENT '系统内置（Y是 N否）',
  `create_by` varchar(64) DEFAULT '' COMMENT '创建者',
  `create_time` datetime DEFAULT NULL COMMENT '创建时间',
  `update_by` varchar(64) DEFAULT '' COMMENT '更新者',
  `update_time` datetime DEFAULT NULL COMMENT '更新时间',
  `remark` varchar(500) DEFAULT NULL COMMENT '备注',
  PRIMARY KEY (`config_id`)
) ENGINE=InnoDB AUTO_INCREMENT=6 DEFAULT CHARSET=utf8mb4 COMMENT='参数配置表';

-- ----------------------------
-- Records of sys_config
-- ----------------------------
BEGIN;
INSERT INTO `sys_config` VALUES (1, '主框架页-默认皮肤样式名称', 'sys.index.skinName', 'skin-blue', 'Y', 'admin', '2022-01-11 19:11:40', '', NULL, '蓝色 skin-blue、绿色 skin-green、紫色 skin-purple、红色 skin-red、黄色 skin-yellow');
INSERT INTO `sys_config` VALUES (2, '用户管理-账号初始密码', 'sys.user.initPassword', '123456', 'Y', 'admin', '2022-01-11 19:11:40', '', NULL, '初始化密码 123456');
INSERT INTO `sys_config` VALUES (3, '主框架页-侧边栏主题', 'sys.index.sideTheme', 'theme-dark', 'Y', 'admin', '2022-01-11 19:11:40', '', NULL, '深色主题theme-dark，浅色主题theme-light');
INSERT INTO `sys_config` VALUES (4, '账号自助-验证码开关', 'sys.account.captchaOnOff', 'true', 'Y', 'admin', '2022-01-11 19:11:40', '', NULL, '是否开启验证码功能（true开启，false关闭）');
INSERT INTO `sys_config` VALUES (5, '账号自助-是否开启用户注册功能', 'sys.account.registerUser', 'false', 'Y', 'admin', '2022-01-11 19:11:40', '', NULL, '是否开启注册用户功能（true开启，false关闭）');
COMMIT;

-- ----------------------------
-- Table structure for sys_dept
-- ----------------------------
DROP TABLE IF EXISTS `sys_dept`;
CREATE TABLE `sys_dept` (
  `dept_id` bigint(20) NOT NULL AUTO_INCREMENT COMMENT '部门id',
  `parent_id` bigint(20) DEFAULT '0' COMMENT '父部门id',
  `ancestors` varchar(50) DEFAULT '' COMMENT '祖级列表',
  `dept_name` varchar(30) DEFAULT '' COMMENT '部门名称',
  `order_num` int(4) DEFAULT '0' COMMENT '显示顺序',
  `leader` varchar(20) DEFAULT NULL COMMENT '负责人',
  `phone` varchar(11) DEFAULT NULL COMMENT '联系电话',
  `email` varchar(50) DEFAULT NULL COMMENT '邮箱',
  `status` char(1) DEFAULT '0' COMMENT '部门状态（0正常 1停用）',
  `del_flag` char(1) DEFAULT '0' COMMENT '删除标志（0代表存在 2代表删除）',
  `create_by` varchar(64) DEFAULT '' COMMENT '创建者',
  `create_time` datetime DEFAULT NULL COMMENT '创建时间',
  `update_by` varchar(64) DEFAULT '' COMMENT '更新者',
  `update_time` datetime DEFAULT NULL COMMENT '更新时间',
  PRIMARY KEY (`dept_id`)
) ENGINE=InnoDB AUTO_INCREMENT=110 DEFAULT CHARSET=utf8mb4 COMMENT='部门表';

-- ----------------------------
-- Records of sys_dept
-- ----------------------------
BEGIN;
INSERT INTO `sys_dept` VALUES (100, 0, '0', 'Tenant-1', 0, '若依', '15888888888', 'ry@qq.com', '0', '0', 'admin', '2022-01-11 19:11:40', 'admin', '2022-01-11 19:15:10');
INSERT INTO `sys_dept` VALUES (101, 100, '0,100', '深圳总公司', 1, '若依', '15888888888', 'ry@qq.com', '0', '0', 'admin', '2022-01-11 19:11:40', '', NULL);
INSERT INTO `sys_dept` VALUES (102, 100, '0,100', '长沙分公司', 2, '若依', '15888888888', 'ry@qq.com', '0', '0', 'admin', '2022-01-11 19:11:40', '', NULL);
INSERT INTO `sys_dept` VALUES (103, 101, '0,100,101', '研发部门', 1, '若依', '15888888888', 'ry@qq.com', '0', '0', 'admin', '2022-01-11 19:11:40', '', NULL);
INSERT INTO `sys_dept` VALUES (104, 101, '0,100,101', '市场部门', 2, '若依', '15888888888', 'ry@qq.com', '0', '0', 'admin', '2022-01-11 19:11:40', '', NULL);
INSERT INTO `sys_dept` VALUES (105, 101, '0,100,101', '测试部门', 3, '若依', '15888888888', 'ry@qq.com', '0', '0', 'admin', '2022-01-11 19:11:40', '', NULL);
INSERT INTO `sys_dept` VALUES (106, 101, '0,100,101', '财务部门', 4, '若依', '15888888888', 'ry@qq.com', '0', '0', 'admin', '2022-01-11 19:11:40', '', NULL);
INSERT INTO `sys_dept` VALUES (107, 101, '0,100,101', '运维部门', 5, '若依', '15888888888', 'ry@qq.com', '0', '0', 'admin', '2022-01-11 19:11:40', '', NULL);
INSERT INTO `sys_dept` VALUES (108, 102, '0,100,102', '市场部门', 1, '若依', '15888888888', 'ry@qq.com', '0', '0', 'admin', '2022-01-11 19:11:40', '', NULL);
INSERT INTO `sys_dept` VALUES (109, 102, '0,100,102', '财务部门', 2, '若依', '15888888888', 'ry@qq.com', '0', '0', 'admin', '2022-01-11 19:11:40', '', NULL);
COMMIT;

-- ----------------------------
-- Table structure for sys_dict_data
-- ----------------------------
DROP TABLE IF EXISTS `sys_dict_data`;
CREATE TABLE `sys_dict_data` (
  `dict_code` bigint(20) NOT NULL AUTO_INCREMENT COMMENT '字典编码',
  `dict_sort` int(4) DEFAULT '0' COMMENT '字典排序',
  `dict_label` varchar(100) DEFAULT '' COMMENT '字典标签',
  `dict_value` varchar(100) DEFAULT '' COMMENT '字典键值',
  `dict_type` varchar(100) DEFAULT '' COMMENT '字典类型',
  `css_class` varchar(100) DEFAULT NULL COMMENT '样式属性（其他样式扩展）',
  `list_class` varchar(100) DEFAULT NULL COMMENT '表格回显样式',
  `is_default` char(1) DEFAULT 'N' COMMENT '是否默认（Y是 N否）',
  `status` char(1) DEFAULT '0' COMMENT '状态（0正常 1停用）',
  `create_by` varchar(64) DEFAULT '' COMMENT '创建者',
  `create_time` datetime DEFAULT NULL COMMENT '创建时间',
  `update_by` varchar(64) DEFAULT '' COMMENT '更新者',
  `update_time` datetime DEFAULT NULL COMMENT '更新时间',
  `remark` varchar(500) DEFAULT NULL COMMENT '备注',
  PRIMARY KEY (`dict_code`)
) ENGINE=InnoDB AUTO_INCREMENT=127 DEFAULT CHARSET=utf8mb4 COMMENT='字典数据表';

-- ----------------------------
-- Records of sys_dict_data
-- ----------------------------
BEGIN;
INSERT INTO `sys_dict_data` VALUES (1, 1, '男', '0', 'sys_user_sex', '', '', 'Y', '0', 'admin', '2022-01-11 19:11:40', '', NULL, '性别男');
INSERT INTO `sys_dict_data` VALUES (2, 2, '女', '1', 'sys_user_sex', '', '', 'N', '0', 'admin', '2022-01-11 19:11:40', '', NULL, '性别女');
INSERT INTO `sys_dict_data` VALUES (3, 3, '未知', '2', 'sys_user_sex', '', '', 'N', '0', 'admin', '2022-01-11 19:11:40', '', NULL, '性别未知');
INSERT INTO `sys_dict_data` VALUES (4, 1, '显示', '0', 'sys_show_hide', '', 'primary', 'Y', '0', 'admin', '2022-01-11 19:11:40', '', NULL, '显示菜单');
INSERT INTO `sys_dict_data` VALUES (5, 2, '隐藏', '1', 'sys_show_hide', '', 'danger', 'N', '0', 'admin', '2022-01-11 19:11:40', '', NULL, '隐藏菜单');
INSERT INTO `sys_dict_data` VALUES (6, 1, '正常', '0', 'sys_normal_disable', '', 'primary', 'Y', '0', 'admin', '2022-01-11 19:11:40', '', NULL, '正常状态');
INSERT INTO `sys_dict_data` VALUES (7, 2, '停用', '1', 'sys_normal_disable', '', 'danger', 'N', '0', 'admin', '2022-01-11 19:11:40', '', NULL, '停用状态');
INSERT INTO `sys_dict_data` VALUES (8, 1, '正常', '0', 'sys_job_status', '', 'primary', 'Y', '0', 'admin', '2022-01-11 19:11:40', '', NULL, '正常状态');
INSERT INTO `sys_dict_data` VALUES (9, 2, '暂停', '1', 'sys_job_status', '', 'danger', 'N', '0', 'admin', '2022-01-11 19:11:40', '', NULL, '停用状态');
INSERT INTO `sys_dict_data` VALUES (10, 1, '默认', 'DEFAULT', 'sys_job_group', '', '', 'Y', '0', 'admin', '2022-01-11 19:11:40', '', NULL, '默认分组');
INSERT INTO `sys_dict_data` VALUES (11, 2, '系统', 'SYSTEM', 'sys_job_group', '', '', 'N', '0', 'admin', '2022-01-11 19:11:40', '', NULL, '系统分组');
INSERT INTO `sys_dict_data` VALUES (12, 1, '是', 'Y', 'sys_yes_no', '', 'primary', 'Y', '0', 'admin', '2022-01-11 19:11:40', '', NULL, '系统默认是');
INSERT INTO `sys_dict_data` VALUES (13, 2, '否', 'N', 'sys_yes_no', '', 'danger', 'N', '0', 'admin', '2022-01-11 19:11:40', '', NULL, '系统默认否');
INSERT INTO `sys_dict_data` VALUES (14, 1, '通知', '1', 'sys_notice_type', '', 'warning', 'Y', '0', 'admin', '2022-01-11 19:11:40', '', NULL, '通知');
INSERT INTO `sys_dict_data` VALUES (15, 2, '公告', '2', 'sys_notice_type', '', 'success', 'N', '0', 'admin', '2022-01-11 19:11:40', '', NULL, '公告');
INSERT INTO `sys_dict_data` VALUES (16, 1, '正常', '0', 'sys_notice_status', '', 'primary', 'Y', '0', 'admin', '2022-01-11 19:11:40', '', NULL, '正常状态');
INSERT INTO `sys_dict_data` VALUES (17, 2, '关闭', '1', 'sys_notice_status', '', 'danger', 'N', '0', 'admin', '2022-01-11 19:11:40', '', NULL, '关闭状态');
INSERT INTO `sys_dict_data` VALUES (18, 1, '新增', '1', 'sys_oper_type', '', 'info', 'N', '0', 'admin', '2022-01-11 19:11:40', '', NULL, '新增操作');
INSERT INTO `sys_dict_data` VALUES (19, 2, '修改', '2', 'sys_oper_type', '', 'info', 'N', '0', 'admin', '2022-01-11 19:11:40', '', NULL, '修改操作');
INSERT INTO `sys_dict_data` VALUES (20, 3, '删除', '3', 'sys_oper_type', '', 'danger', 'N', '0', 'admin', '2022-01-11 19:11:40', '', NULL, '删除操作');
INSERT INTO `sys_dict_data` VALUES (21, 4, '授权', '4', 'sys_oper_type', '', 'primary', 'N', '0', 'admin', '2022-01-11 19:11:40', '', NULL, '授权操作');
INSERT INTO `sys_dict_data` VALUES (22, 5, '导出', '5', 'sys_oper_type', '', 'warning', 'N', '0', 'admin', '2022-01-11 19:11:40', '', NULL, '导出操作');
INSERT INTO `sys_dict_data` VALUES (23, 6, '导入', '6', 'sys_oper_type', '', 'warning', 'N', '0', 'admin', '2022-01-11 19:11:40', '', NULL, '导入操作');
INSERT INTO `sys_dict_data` VALUES (24, 7, '强退', '7', 'sys_oper_type', '', 'danger', 'N', '0', 'admin', '2022-01-11 19:11:40', '', NULL, '强退操作');
INSERT INTO `sys_dict_data` VALUES (25, 8, '生成代码', '8', 'sys_oper_type', '', 'warning', 'N', '0', 'admin', '2022-01-11 19:11:40', '', NULL, '生成操作');
INSERT INTO `sys_dict_data` VALUES (26, 9, '清空数据', '9', 'sys_oper_type', '', 'danger', 'N', '0', 'admin', '2022-01-11 19:11:40', '', NULL, '清空操作');
INSERT INTO `sys_dict_data` VALUES (27, 1, '成功', '0', 'sys_common_status', '', 'primary', 'N', '0', 'admin', '2022-01-11 19:11:40', '', NULL, '正常状态');
INSERT INTO `sys_dict_data` VALUES (28, 2, '失败', '1', 'sys_common_status', '', 'danger', 'N', '0', 'admin', '2022-01-11 19:11:40', '', NULL, '停用状态');
INSERT INTO `sys_dict_data` VALUES (100, 0, '北京市', '北京市', 'region_list', NULL, 'default', 'N', '0', 'admin', '2022-01-12 18:08:08', '', NULL, NULL);
INSERT INTO `sys_dict_data` VALUES (101, 0, '上海市', '上海市', 'region_list', NULL, 'default', 'N', '0', 'admin', '2022-01-12 18:08:15', '', NULL, NULL);
INSERT INTO `sys_dict_data` VALUES (102, 0, '广东省', '广东省', 'region_list', NULL, 'default', 'N', '0', 'admin', '2022-01-12 18:08:25', '', NULL, NULL);
INSERT INTO `sys_dict_data` VALUES (103, 0, '百度', '百度', 'clues_source', NULL, 'default', 'N', '0', 'admin', '2022-01-12 18:09:02', '', NULL, NULL);
INSERT INTO `sys_dict_data` VALUES (104, 1, '抖音', '抖音', 'clues_source', NULL, 'default', 'N', '0', 'admin', '2022-01-12 18:09:08', '', NULL, NULL);
INSERT INTO `sys_dict_data` VALUES (105, 2, '头条', '头条', 'clues_source', NULL, 'default', 'N', '0', 'admin', '2022-01-12 18:09:31', '', NULL, NULL);
INSERT INTO `sys_dict_data` VALUES (106, 3, '电话', '电话', 'clues_source', NULL, 'default', 'N', '0', 'admin', '2022-01-12 18:09:40', '', NULL, NULL);
INSERT INTO `sys_dict_data` VALUES (107, 0, '有效', '有效', 'clues_status', NULL, 'default', 'N', '0', 'admin', '2022-01-12 18:09:59', '', NULL, NULL);
INSERT INTO `sys_dict_data` VALUES (108, 1, '无效', '无效', 'clues_status', NULL, 'default', 'N', '0', 'admin', '2022-01-12 18:10:06', '', NULL, NULL);
INSERT INTO `sys_dict_data` VALUES (109, 0, '计算机互联网', '计算机互联网', 'customer_industry', NULL, 'default', 'N', '0', 'admin', '2022-01-12 18:10:50', '', NULL, NULL);
INSERT INTO `sys_dict_data` VALUES (110, 1, '加工生产', '加工生产', 'customer_industry', NULL, 'default', 'N', '0', 'admin', '2022-01-12 18:11:02', '', NULL, NULL);
INSERT INTO `sys_dict_data` VALUES (111, 2, '房地产', '房地产', 'customer_industry', NULL, 'default', 'N', '0', 'admin', '2022-01-12 18:11:20', '', NULL, NULL);
INSERT INTO `sys_dict_data` VALUES (112, 3, '金融', '金融', 'customer_industry', NULL, 'default', 'N', '0', 'admin', '2022-01-12 18:11:34', '', NULL, NULL);
INSERT INTO `sys_dict_data` VALUES (113, 0, 'A', 'A', 'customer_rank', NULL, 'default', 'N', '0', 'admin', '2022-01-12 18:11:55', '', NULL, NULL);
INSERT INTO `sys_dict_data` VALUES (114, 1, 'B', 'B', 'customer_rank', NULL, 'default', 'N', '0', 'admin', '2022-01-12 18:11:59', '', NULL, NULL);
INSERT INTO `sys_dict_data` VALUES (115, 2, 'C', 'C', 'customer_rank', NULL, 'default', 'N', '0', 'admin', '2022-01-12 18:12:04', '', NULL, NULL);
INSERT INTO `sys_dict_data` VALUES (116, 3, 'D', 'D', 'customer_rank', NULL, 'default', 'N', '0', 'admin', '2022-01-12 18:12:10', '', NULL, NULL);
INSERT INTO `sys_dict_data` VALUES (117, 4, 'E', 'E', 'customer_rank', NULL, 'default', 'N', '0', 'admin', '2022-01-12 18:12:18', '', NULL, NULL);
INSERT INTO `sys_dict_data` VALUES (118, 0, '测试客户', '测试客户', 'customer_status', NULL, 'default', 'N', '0', 'admin', '2022-01-12 18:12:56', '', NULL, NULL);
INSERT INTO `sys_dict_data` VALUES (119, 1, '意向客户', '意向客户', 'customer_status', NULL, 'default', 'N', '0', 'admin', '2022-01-12 18:13:07', '', NULL, NULL);
INSERT INTO `sys_dict_data` VALUES (120, 2, '签单客户', '签单客户', 'customer_status', NULL, 'default', 'N', '0', 'admin', '2022-01-12 18:13:17', '', NULL, NULL);
INSERT INTO `sys_dict_data` VALUES (121, 3, '回款客户', '回款客户', 'customer_status', NULL, 'default', 'N', '0', 'admin', '2022-01-12 18:13:31', '', NULL, NULL);
INSERT INTO `sys_dict_data` VALUES (122, 4, '上门客户', '上门客户', 'customer_status', NULL, 'default', 'N', '0', 'admin', '2022-01-12 18:13:42', '', NULL, NULL);
INSERT INTO `sys_dict_data` VALUES (123, 0, '普通', 'normal', 'pool_type', NULL, 'default', 'N', '0', 'admin', '2022-01-13 13:33:07', '', NULL, NULL);
INSERT INTO `sys_dict_data` VALUES (124, 1, '高级', 'high', 'pool_type', NULL, 'default', 'N', '0', 'admin', '2022-01-13 13:33:24', '', NULL, NULL);
INSERT INTO `sys_dict_data` VALUES (125, 0, '未成交', '0', 'deal_status', NULL, 'default', 'N', '0', 'admin', '2022-01-15 18:11:42', 'admin', '2022-01-15 18:12:15', NULL);
INSERT INTO `sys_dict_data` VALUES (126, 1, '已成交', '1', 'deal_status', NULL, 'default', 'N', '0', 'admin', '2022-01-15 18:11:58', 'admin', '2022-01-15 18:12:09', NULL);
COMMIT;

-- ----------------------------
-- Table structure for sys_dict_type
-- ----------------------------
DROP TABLE IF EXISTS `sys_dict_type`;
CREATE TABLE `sys_dict_type` (
  `dict_id` bigint(20) NOT NULL AUTO_INCREMENT COMMENT '字典主键',
  `dict_name` varchar(100) DEFAULT '' COMMENT '字典名称',
  `dict_type` varchar(100) DEFAULT '' COMMENT '字典类型',
  `status` char(1) DEFAULT '0' COMMENT '状态（0正常 1停用）',
  `create_by` varchar(64) DEFAULT '' COMMENT '创建者',
  `create_time` datetime DEFAULT NULL COMMENT '创建时间',
  `update_by` varchar(64) DEFAULT '' COMMENT '更新者',
  `update_time` datetime DEFAULT NULL COMMENT '更新时间',
  `remark` varchar(500) DEFAULT NULL COMMENT '备注',
  PRIMARY KEY (`dict_id`),
  UNIQUE KEY `dict_type` (`dict_type`)
) ENGINE=InnoDB AUTO_INCREMENT=108 DEFAULT CHARSET=utf8mb4 COMMENT='字典类型表';

-- ----------------------------
-- Records of sys_dict_type
-- ----------------------------
BEGIN;
INSERT INTO `sys_dict_type` VALUES (1, '用户性别', 'sys_user_sex', '0', 'admin', '2022-01-11 19:11:40', '', NULL, '用户性别列表');
INSERT INTO `sys_dict_type` VALUES (2, '菜单状态', 'sys_show_hide', '0', 'admin', '2022-01-11 19:11:40', '', NULL, '菜单状态列表');
INSERT INTO `sys_dict_type` VALUES (3, '系统开关', 'sys_normal_disable', '0', 'admin', '2022-01-11 19:11:40', '', NULL, '系统开关列表');
INSERT INTO `sys_dict_type` VALUES (4, '任务状态', 'sys_job_status', '0', 'admin', '2022-01-11 19:11:40', '', NULL, '任务状态列表');
INSERT INTO `sys_dict_type` VALUES (5, '任务分组', 'sys_job_group', '0', 'admin', '2022-01-11 19:11:40', '', NULL, '任务分组列表');
INSERT INTO `sys_dict_type` VALUES (6, '系统是否', 'sys_yes_no', '0', 'admin', '2022-01-11 19:11:40', '', NULL, '系统是否列表');
INSERT INTO `sys_dict_type` VALUES (7, '通知类型', 'sys_notice_type', '0', 'admin', '2022-01-11 19:11:40', '', NULL, '通知类型列表');
INSERT INTO `sys_dict_type` VALUES (8, '通知状态', 'sys_notice_status', '0', 'admin', '2022-01-11 19:11:40', '', NULL, '通知状态列表');
INSERT INTO `sys_dict_type` VALUES (9, '操作类型', 'sys_oper_type', '0', 'admin', '2022-01-11 19:11:40', '', NULL, '操作类型列表');
INSERT INTO `sys_dict_type` VALUES (10, '系统状态', 'sys_common_status', '0', 'admin', '2022-01-11 19:11:40', '', NULL, '登录状态列表');
INSERT INTO `sys_dict_type` VALUES (100, '线索来源', 'clues_source', '0', 'admin', '2022-01-12 18:05:44', '', NULL, NULL);
INSERT INTO `sys_dict_type` VALUES (101, '线索状态', 'clues_status', '0', 'admin', '2022-01-12 18:05:59', '', NULL, NULL);
INSERT INTO `sys_dict_type` VALUES (102, '行业类别', 'customer_industry', '0', 'admin', '2022-01-12 18:06:30', '', NULL, NULL);
INSERT INTO `sys_dict_type` VALUES (103, '客户级别', 'customer_rank', '0', 'admin', '2022-01-12 18:06:42', '', NULL, NULL);
INSERT INTO `sys_dict_type` VALUES (104, '客户状态', 'customer_status', '0', 'admin', '2022-01-12 18:06:54', '', NULL, NULL);
INSERT INTO `sys_dict_type` VALUES (105, '所在地区', 'region_list', '0', 'admin', '2022-01-12 18:07:47', '', NULL, NULL);
INSERT INTO `sys_dict_type` VALUES (106, '公海类型', 'pool_type', '0', 'admin', '2022-01-13 13:28:04', '', NULL, NULL);
INSERT INTO `sys_dict_type` VALUES (107, '成交状态', 'deal_status', '0', 'admin', '2022-01-15 18:10:43', '', NULL, NULL);
COMMIT;

-- ----------------------------
-- Table structure for sys_job
-- ----------------------------
DROP TABLE IF EXISTS `sys_job`;
CREATE TABLE `sys_job` (
  `job_id` bigint(20) NOT NULL AUTO_INCREMENT COMMENT '任务ID',
  `job_name` varchar(64) NOT NULL DEFAULT '' COMMENT '任务名称',
  `job_group` varchar(64) NOT NULL DEFAULT 'DEFAULT' COMMENT '任务组名',
  `invoke_target` varchar(500) NOT NULL COMMENT '调用目标字符串',
  `cron_expression` varchar(255) DEFAULT '' COMMENT 'cron执行表达式',
  `misfire_policy` varchar(20) DEFAULT '3' COMMENT '计划执行错误策略（1立即执行 2执行一次 3放弃执行）',
  `concurrent` char(1) DEFAULT '1' COMMENT '是否并发执行（0允许 1禁止）',
  `status` char(1) DEFAULT '0' COMMENT '状态（0正常 1暂停）',
  `create_by` varchar(64) DEFAULT '' COMMENT '创建者',
  `create_time` datetime DEFAULT NULL COMMENT '创建时间',
  `update_by` varchar(64) DEFAULT '' COMMENT '更新者',
  `update_time` datetime DEFAULT NULL COMMENT '更新时间',
  `remark` varchar(500) DEFAULT '' COMMENT '备注信息',
  PRIMARY KEY (`job_id`,`job_name`,`job_group`)
) ENGINE=InnoDB AUTO_INCREMENT=4 DEFAULT CHARSET=utf8mb4 COMMENT='定时任务调度表';

-- ----------------------------
-- Records of sys_job
-- ----------------------------
BEGIN;
INSERT INTO `sys_job` VALUES (1, '系统默认（无参）', 'DEFAULT', 'ryTask.ryNoParams', '0/10 * * * * ?', '3', '1', '1', 'admin', '2022-01-11 19:11:40', '', NULL, '');
INSERT INTO `sys_job` VALUES (2, '系统默认（有参）', 'DEFAULT', 'ryTask.ryParams(\'ry\')', '0/15 * * * * ?', '3', '1', '1', 'admin', '2022-01-11 19:11:40', '', NULL, '');
INSERT INTO `sys_job` VALUES (3, '系统默认（多参）', 'DEFAULT', 'ryTask.ryMultipleParams(\'ry\', true, 2000L, 316.50D, 100)', '0/20 * * * * ?', '3', '1', '1', 'admin', '2022-01-11 19:11:40', '', NULL, '');
COMMIT;

-- ----------------------------
-- Table structure for sys_job_log
-- ----------------------------
DROP TABLE IF EXISTS `sys_job_log`;
CREATE TABLE `sys_job_log` (
  `job_log_id` bigint(20) NOT NULL AUTO_INCREMENT COMMENT '任务日志ID',
  `job_name` varchar(64) NOT NULL COMMENT '任务名称',
  `job_group` varchar(64) NOT NULL COMMENT '任务组名',
  `invoke_target` varchar(500) NOT NULL COMMENT '调用目标字符串',
  `job_message` varchar(500) DEFAULT NULL COMMENT '日志信息',
  `status` char(1) DEFAULT '0' COMMENT '执行状态（0正常 1失败）',
  `exception_info` varchar(2000) DEFAULT '' COMMENT '异常信息',
  `create_time` datetime DEFAULT NULL COMMENT '创建时间',
  PRIMARY KEY (`job_log_id`)
) ENGINE=InnoDB DEFAULT CHARSET=utf8mb4 COMMENT='定时任务调度日志表';

-- ----------------------------
-- Records of sys_job_log
-- ----------------------------
BEGIN;
COMMIT;

-- ----------------------------
-- Table structure for sys_logininfor
-- ----------------------------
DROP TABLE IF EXISTS `sys_logininfor`;
CREATE TABLE `sys_logininfor` (
  `info_id` bigint(20) NOT NULL AUTO_INCREMENT COMMENT '访问ID',
  `user_name` varchar(50) DEFAULT '' COMMENT '用户账号',
  `ipaddr` varchar(128) DEFAULT '' COMMENT '登录IP地址',
  `login_location` varchar(255) DEFAULT '' COMMENT '登录地点',
  `browser` varchar(50) DEFAULT '' COMMENT '浏览器类型',
  `os` varchar(50) DEFAULT '' COMMENT '操作系统',
  `status` char(1) DEFAULT '0' COMMENT '登录状态（0成功 1失败）',
  `msg` varchar(255) DEFAULT '' COMMENT '提示消息',
  `login_time` datetime DEFAULT NULL COMMENT '访问时间',
  PRIMARY KEY (`info_id`)
) ENGINE=InnoDB DEFAULT CHARSET=utf8mb4 COMMENT='系统访问记录';

-- ----------------------------
-- Records of sys_logininfor
-- ----------------------------
BEGIN;
COMMIT;

-- ----------------------------
-- Table structure for sys_menu
-- ----------------------------
DROP TABLE IF EXISTS `sys_menu`;
CREATE TABLE `sys_menu` (
  `menu_id` bigint(20) NOT NULL AUTO_INCREMENT COMMENT '菜单ID',
  `menu_name` varchar(50) NOT NULL COMMENT '菜单名称',
  `parent_id` bigint(20) DEFAULT '0' COMMENT '父菜单ID',
  `order_num` int(4) DEFAULT '0' COMMENT '显示顺序',
  `path` varchar(200) DEFAULT '' COMMENT '路由地址',
  `component` varchar(255) DEFAULT NULL COMMENT '组件路径',
  `query` varchar(255) DEFAULT NULL COMMENT '路由参数',
  `is_frame` int(1) DEFAULT '1' COMMENT '是否为外链（0是 1否）',
  `is_cache` int(1) DEFAULT '0' COMMENT '是否缓存（0缓存 1不缓存）',
  `menu_type` char(1) DEFAULT '' COMMENT '菜单类型（M目录 C菜单 F按钮）',
  `visible` char(1) DEFAULT '0' COMMENT '菜单状态（0显示 1隐藏）',
  `status` char(1) DEFAULT '0' COMMENT '菜单状态（0正常 1停用）',
  `perms` varchar(100) DEFAULT NULL COMMENT '权限标识',
  `icon` varchar(100) DEFAULT '#' COMMENT '菜单图标',
  `create_by` varchar(64) DEFAULT '' COMMENT '创建者',
  `create_time` datetime DEFAULT NULL COMMENT '创建时间',
  `update_by` varchar(64) DEFAULT '' COMMENT '更新者',
  `update_time` datetime DEFAULT NULL COMMENT '更新时间',
  `remark` varchar(500) DEFAULT '' COMMENT '备注',
  PRIMARY KEY (`menu_id`)
) ENGINE=InnoDB AUTO_INCREMENT=2015 DEFAULT CHARSET=utf8mb4 COMMENT='菜单权限表';

-- ----------------------------
-- Records of sys_menu
-- ----------------------------
BEGIN;
INSERT INTO `sys_menu` VALUES (1, '系统管理', 0, 200, 'system', NULL, '', 1, 0, 'M', '0', '0', '', 'system', 'admin', '2022-01-11 19:11:40', '', NULL, '系统管理目录');
INSERT INTO `sys_menu` VALUES (2, '系统监控', 0, 300, 'monitor', NULL, '', 1, 0, 'M', '0', '0', '', 'monitor', 'admin', '2022-01-11 19:11:40', '', NULL, '系统监控目录');
INSERT INTO `sys_menu` VALUES (3, '系统工具', 0, 400, 'tool', NULL, '', 1, 0, 'M', '0', '0', '', 'tool', 'admin', '2022-01-11 19:11:40', '', NULL, '系统工具目录');
INSERT INTO `sys_menu` VALUES (100, '用户管理', 1, 1, 'user', 'system/user/index', '', 1, 0, 'C', '0', '0', 'system:user:list', 'user', 'admin', '2022-01-11 19:11:40', '', NULL, '用户管理菜单');
INSERT INTO `sys_menu` VALUES (101, '角色管理', 1, 2, 'role', 'system/role/index', '', 1, 0, 'C', '0', '0', 'system:role:list', 'peoples', 'admin', '2022-01-11 19:11:40', '', NULL, '角色管理菜单');
INSERT INTO `sys_menu` VALUES (102, '菜单管理', 1, 3, 'menu', 'system/menu/index', '', 1, 0, 'C', '0', '0', 'system:menu:list', 'tree-table', 'admin', '2022-01-11 19:11:40', '', NULL, '菜单管理菜单');
INSERT INTO `sys_menu` VALUES (103, '部门管理', 1, 4, 'dept', 'system/dept/index', '', 1, 0, 'C', '0', '0', 'system:dept:list', 'tree', 'admin', '2022-01-11 19:11:40', '', NULL, '部门管理菜单');
INSERT INTO `sys_menu` VALUES (104, '岗位管理', 1, 5, 'post', 'system/post/index', '', 1, 0, 'C', '0', '0', 'system:post:list', 'post', 'admin', '2022-01-11 19:11:40', '', NULL, '岗位管理菜单');
INSERT INTO `sys_menu` VALUES (105, '字典管理', 1, 6, 'dict', 'system/dict/index', '', 1, 0, 'C', '0', '0', 'system:dict:list', 'dict', 'admin', '2022-01-11 19:11:40', '', NULL, '字典管理菜单');
INSERT INTO `sys_menu` VALUES (106, '参数设置', 1, 7, 'config', 'system/config/index', '', 1, 0, 'C', '0', '0', 'system:config:list', 'edit', 'admin', '2022-01-11 19:11:40', '', NULL, '参数设置菜单');
INSERT INTO `sys_menu` VALUES (107, '通知公告', 1, 8, 'notice', 'system/notice/index', '', 1, 0, 'C', '0', '0', 'system:notice:list', 'message', 'admin', '2022-01-11 19:11:40', '', NULL, '通知公告菜单');
INSERT INTO `sys_menu` VALUES (108, '日志管理', 1, 9, 'log', '', '', 1, 0, 'M', '0', '0', '', 'log', 'admin', '2022-01-11 19:11:40', '', NULL, '日志管理菜单');
INSERT INTO `sys_menu` VALUES (109, '在线用户', 2, 1, 'online', 'monitor/online/index', '', 1, 0, 'C', '0', '0', 'monitor:online:list', 'online', 'admin', '2022-01-11 19:11:40', '', NULL, '在线用户菜单');
INSERT INTO `sys_menu` VALUES (110, '定时任务', 2, 2, 'job', 'monitor/job/index', '', 1, 0, 'C', '0', '0', 'monitor:job:list', 'job', 'admin', '2022-01-11 19:11:40', '', NULL, '定时任务菜单');
INSERT INTO `sys_menu` VALUES (111, '数据监控', 2, 3, 'druid', 'monitor/druid/index', '', 1, 0, 'C', '0', '0', 'monitor:druid:list', 'druid', 'admin', '2022-01-11 19:11:40', '', NULL, '数据监控菜单');
INSERT INTO `sys_menu` VALUES (112, '服务监控', 2, 4, 'server', 'monitor/server/index', '', 1, 0, 'C', '0', '0', 'monitor:server:list', 'server', 'admin', '2022-01-11 19:11:40', '', NULL, '服务监控菜单');
INSERT INTO `sys_menu` VALUES (113, '缓存监控', 2, 5, 'cache', 'monitor/cache/index', '', 1, 0, 'C', '0', '0', 'monitor:cache:list', 'redis', 'admin', '2022-01-11 19:11:40', '', NULL, '缓存监控菜单');
INSERT INTO `sys_menu` VALUES (114, '表单构建', 3, 1, 'build', 'tool/build/index', '', 1, 0, 'C', '0', '0', 'tool:build:list', 'build', 'admin', '2022-01-11 19:11:40', '', NULL, '表单构建菜单');
INSERT INTO `sys_menu` VALUES (115, '代码生成', 3, 2, 'gen', 'tool/gen/index', '', 1, 0, 'C', '0', '0', 'tool:gen:list', 'code', 'admin', '2022-01-11 19:11:40', '', NULL, '代码生成菜单');
INSERT INTO `sys_menu` VALUES (116, '系统接口', 3, 3, 'swagger', 'tool/swagger/index', '', 1, 0, 'C', '0', '0', 'tool:swagger:list', 'swagger', 'admin', '2022-01-11 19:11:40', '', NULL, '系统接口菜单');
INSERT INTO `sys_menu` VALUES (500, '操作日志', 108, 1, 'operlog', 'monitor/operlog/index', '', 1, 0, 'C', '0', '0', 'monitor:operlog:list', 'form', 'admin', '2022-01-11 19:11:40', '', NULL, '操作日志菜单');
INSERT INTO `sys_menu` VALUES (501, '登录日志', 108, 2, 'logininfor', 'monitor/logininfor/index', '', 1, 0, 'C', '0', '0', 'monitor:logininfor:list', 'logininfor', 'admin', '2022-01-11 19:11:40', '', NULL, '登录日志菜单');
INSERT INTO `sys_menu` VALUES (1001, '用户查询', 100, 1, '', '', '', 1, 0, 'F', '0', '0', 'system:user:query', '#', 'admin', '2022-01-11 19:11:40', '', NULL, '');
INSERT INTO `sys_menu` VALUES (1002, '用户新增', 100, 2, '', '', '', 1, 0, 'F', '0', '0', 'system:user:add', '#', 'admin', '2022-01-11 19:11:40', '', NULL, '');
INSERT INTO `sys_menu` VALUES (1003, '用户修改', 100, 3, '', '', '', 1, 0, 'F', '0', '0', 'system:user:edit', '#', 'admin', '2022-01-11 19:11:40', '', NULL, '');
INSERT INTO `sys_menu` VALUES (1004, '用户删除', 100, 4, '', '', '', 1, 0, 'F', '0', '0', 'system:user:remove', '#', 'admin', '2022-01-11 19:11:40', '', NULL, '');
INSERT INTO `sys_menu` VALUES (1005, '用户导出', 100, 5, '', '', '', 1, 0, 'F', '0', '0', 'system:user:export', '#', 'admin', '2022-01-11 19:11:40', '', NULL, '');
INSERT INTO `sys_menu` VALUES (1006, '用户导入', 100, 6, '', '', '', 1, 0, 'F', '0', '0', 'system:user:import', '#', 'admin', '2022-01-11 19:11:40', '', NULL, '');
INSERT INTO `sys_menu` VALUES (1007, '重置密码', 100, 7, '', '', '', 1, 0, 'F', '0', '0', 'system:user:resetPwd', '#', 'admin', '2022-01-11 19:11:40', '', NULL, '');
INSERT INTO `sys_menu` VALUES (1008, '角色查询', 101, 1, '', '', '', 1, 0, 'F', '0', '0', 'system:role:query', '#', 'admin', '2022-01-11 19:11:40', '', NULL, '');
INSERT INTO `sys_menu` VALUES (1009, '角色新增', 101, 2, '', '', '', 1, 0, 'F', '0', '0', 'system:role:add', '#', 'admin', '2022-01-11 19:11:40', '', NULL, '');
INSERT INTO `sys_menu` VALUES (1010, '角色修改', 101, 3, '', '', '', 1, 0, 'F', '0', '0', 'system:role:edit', '#', 'admin', '2022-01-11 19:11:40', '', NULL, '');
INSERT INTO `sys_menu` VALUES (1011, '角色删除', 101, 4, '', '', '', 1, 0, 'F', '0', '0', 'system:role:remove', '#', 'admin', '2022-01-11 19:11:40', '', NULL, '');
INSERT INTO `sys_menu` VALUES (1012, '角色导出', 101, 5, '', '', '', 1, 0, 'F', '0', '0', 'system:role:export', '#', 'admin', '2022-01-11 19:11:40', '', NULL, '');
INSERT INTO `sys_menu` VALUES (1013, '菜单查询', 102, 1, '', '', '', 1, 0, 'F', '0', '0', 'system:menu:query', '#', 'admin', '2022-01-11 19:11:40', '', NULL, '');
INSERT INTO `sys_menu` VALUES (1014, '菜单新增', 102, 2, '', '', '', 1, 0, 'F', '0', '0', 'system:menu:add', '#', 'admin', '2022-01-11 19:11:40', '', NULL, '');
INSERT INTO `sys_menu` VALUES (1015, '菜单修改', 102, 3, '', '', '', 1, 0, 'F', '0', '0', 'system:menu:edit', '#', 'admin', '2022-01-11 19:11:40', '', NULL, '');
INSERT INTO `sys_menu` VALUES (1016, '菜单删除', 102, 4, '', '', '', 1, 0, 'F', '0', '0', 'system:menu:remove', '#', 'admin', '2022-01-11 19:11:40', '', NULL, '');
INSERT INTO `sys_menu` VALUES (1017, '部门查询', 103, 1, '', '', '', 1, 0, 'F', '0', '0', 'system:dept:query', '#', 'admin', '2022-01-11 19:11:40', '', NULL, '');
INSERT INTO `sys_menu` VALUES (1018, '部门新增', 103, 2, '', '', '', 1, 0, 'F', '0', '0', 'system:dept:add', '#', 'admin', '2022-01-11 19:11:40', '', NULL, '');
INSERT INTO `sys_menu` VALUES (1019, '部门修改', 103, 3, '', '', '', 1, 0, 'F', '0', '0', 'system:dept:edit', '#', 'admin', '2022-01-11 19:11:40', '', NULL, '');
INSERT INTO `sys_menu` VALUES (1020, '部门删除', 103, 4, '', '', '', 1, 0, 'F', '0', '0', 'system:dept:remove', '#', 'admin', '2022-01-11 19:11:40', '', NULL, '');
INSERT INTO `sys_menu` VALUES (1021, '岗位查询', 104, 1, '', '', '', 1, 0, 'F', '0', '0', 'system:post:query', '#', 'admin', '2022-01-11 19:11:40', '', NULL, '');
INSERT INTO `sys_menu` VALUES (1022, '岗位新增', 104, 2, '', '', '', 1, 0, 'F', '0', '0', 'system:post:add', '#', 'admin', '2022-01-11 19:11:40', '', NULL, '');
INSERT INTO `sys_menu` VALUES (1023, '岗位修改', 104, 3, '', '', '', 1, 0, 'F', '0', '0', 'system:post:edit', '#', 'admin', '2022-01-11 19:11:40', '', NULL, '');
INSERT INTO `sys_menu` VALUES (1024, '岗位删除', 104, 4, '', '', '', 1, 0, 'F', '0', '0', 'system:post:remove', '#', 'admin', '2022-01-11 19:11:40', '', NULL, '');
INSERT INTO `sys_menu` VALUES (1025, '岗位导出', 104, 5, '', '', '', 1, 0, 'F', '0', '0', 'system:post:export', '#', 'admin', '2022-01-11 19:11:40', '', NULL, '');
INSERT INTO `sys_menu` VALUES (1026, '字典查询', 105, 1, '#', '', '', 1, 0, 'F', '0', '0', 'system:dict:query', '#', 'admin', '2022-01-11 19:11:40', '', NULL, '');
INSERT INTO `sys_menu` VALUES (1027, '字典新增', 105, 2, '#', '', '', 1, 0, 'F', '0', '0', 'system:dict:add', '#', 'admin', '2022-01-11 19:11:40', '', NULL, '');
INSERT INTO `sys_menu` VALUES (1028, '字典修改', 105, 3, '#', '', '', 1, 0, 'F', '0', '0', 'system:dict:edit', '#', 'admin', '2022-01-11 19:11:40', '', NULL, '');
INSERT INTO `sys_menu` VALUES (1029, '字典删除', 105, 4, '#', '', '', 1, 0, 'F', '0', '0', 'system:dict:remove', '#', 'admin', '2022-01-11 19:11:40', '', NULL, '');
INSERT INTO `sys_menu` VALUES (1030, '字典导出', 105, 5, '#', '', '', 1, 0, 'F', '0', '0', 'system:dict:export', '#', 'admin', '2022-01-11 19:11:40', '', NULL, '');
INSERT INTO `sys_menu` VALUES (1031, '参数查询', 106, 1, '#', '', '', 1, 0, 'F', '0', '0', 'system:config:query', '#', 'admin', '2022-01-11 19:11:40', '', NULL, '');
INSERT INTO `sys_menu` VALUES (1032, '参数新增', 106, 2, '#', '', '', 1, 0, 'F', '0', '0', 'system:config:add', '#', 'admin', '2022-01-11 19:11:40', '', NULL, '');
INSERT INTO `sys_menu` VALUES (1033, '参数修改', 106, 3, '#', '', '', 1, 0, 'F', '0', '0', 'system:config:edit', '#', 'admin', '2022-01-11 19:11:40', '', NULL, '');
INSERT INTO `sys_menu` VALUES (1034, '参数删除', 106, 4, '#', '', '', 1, 0, 'F', '0', '0', 'system:config:remove', '#', 'admin', '2022-01-11 19:11:40', '', NULL, '');
INSERT INTO `sys_menu` VALUES (1035, '参数导出', 106, 5, '#', '', '', 1, 0, 'F', '0', '0', 'system:config:export', '#', 'admin', '2022-01-11 19:11:40', '', NULL, '');
INSERT INTO `sys_menu` VALUES (1036, '公告查询', 107, 1, '#', '', '', 1, 0, 'F', '0', '0', 'system:notice:query', '#', 'admin', '2022-01-11 19:11:40', '', NULL, '');
INSERT INTO `sys_menu` VALUES (1037, '公告新增', 107, 2, '#', '', '', 1, 0, 'F', '0', '0', 'system:notice:add', '#', 'admin', '2022-01-11 19:11:40', '', NULL, '');
INSERT INTO `sys_menu` VALUES (1038, '公告修改', 107, 3, '#', '', '', 1, 0, 'F', '0', '0', 'system:notice:edit', '#', 'admin', '2022-01-11 19:11:40', '', NULL, '');
INSERT INTO `sys_menu` VALUES (1039, '公告删除', 107, 4, '#', '', '', 1, 0, 'F', '0', '0', 'system:notice:remove', '#', 'admin', '2022-01-11 19:11:40', '', NULL, '');
INSERT INTO `sys_menu` VALUES (1040, '操作查询', 500, 1, '#', '', '', 1, 0, 'F', '0', '0', 'monitor:operlog:query', '#', 'admin', '2022-01-11 19:11:40', '', NULL, '');
INSERT INTO `sys_menu` VALUES (1041, '操作删除', 500, 2, '#', '', '', 1, 0, 'F', '0', '0', 'monitor:operlog:remove', '#', 'admin', '2022-01-11 19:11:40', '', NULL, '');
INSERT INTO `sys_menu` VALUES (1042, '日志导出', 500, 4, '#', '', '', 1, 0, 'F', '0', '0', 'monitor:operlog:export', '#', 'admin', '2022-01-11 19:11:40', '', NULL, '');
INSERT INTO `sys_menu` VALUES (1043, '登录查询', 501, 1, '#', '', '', 1, 0, 'F', '0', '0', 'monitor:logininfor:query', '#', 'admin', '2022-01-11 19:11:40', '', NULL, '');
INSERT INTO `sys_menu` VALUES (1044, '登录删除', 501, 2, '#', '', '', 1, 0, 'F', '0', '0', 'monitor:logininfor:remove', '#', 'admin', '2022-01-11 19:11:40', '', NULL, '');
INSERT INTO `sys_menu` VALUES (1045, '日志导出', 501, 3, '#', '', '', 1, 0, 'F', '0', '0', 'monitor:logininfor:export', '#', 'admin', '2022-01-11 19:11:40', '', NULL, '');
INSERT INTO `sys_menu` VALUES (1046, '在线查询', 109, 1, '#', '', '', 1, 0, 'F', '0', '0', 'monitor:online:query', '#', 'admin', '2022-01-11 19:11:40', '', NULL, '');
INSERT INTO `sys_menu` VALUES (1047, '批量强退', 109, 2, '#', '', '', 1, 0, 'F', '0', '0', 'monitor:online:batchLogout', '#', 'admin', '2022-01-11 19:11:40', '', NULL, '');
INSERT INTO `sys_menu` VALUES (1048, '单条强退', 109, 3, '#', '', '', 1, 0, 'F', '0', '0', 'monitor:online:forceLogout', '#', 'admin', '2022-01-11 19:11:40', '', NULL, '');
INSERT INTO `sys_menu` VALUES (1049, '任务查询', 110, 1, '#', '', '', 1, 0, 'F', '0', '0', 'monitor:job:query', '#', 'admin', '2022-01-11 19:11:40', '', NULL, '');
INSERT INTO `sys_menu` VALUES (1050, '任务新增', 110, 2, '#', '', '', 1, 0, 'F', '0', '0', 'monitor:job:add', '#', 'admin', '2022-01-11 19:11:40', '', NULL, '');
INSERT INTO `sys_menu` VALUES (1051, '任务修改', 110, 3, '#', '', '', 1, 0, 'F', '0', '0', 'monitor:job:edit', '#', 'admin', '2022-01-11 19:11:40', '', NULL, '');
INSERT INTO `sys_menu` VALUES (1052, '任务删除', 110, 4, '#', '', '', 1, 0, 'F', '0', '0', 'monitor:job:remove', '#', 'admin', '2022-01-11 19:11:40', '', NULL, '');
INSERT INTO `sys_menu` VALUES (1053, '状态修改', 110, 5, '#', '', '', 1, 0, 'F', '0', '0', 'monitor:job:changeStatus', '#', 'admin', '2022-01-11 19:11:40', '', NULL, '');
INSERT INTO `sys_menu` VALUES (1054, '任务导出', 110, 7, '#', '', '', 1, 0, 'F', '0', '0', 'monitor:job:export', '#', 'admin', '2022-01-11 19:11:40', '', NULL, '');
INSERT INTO `sys_menu` VALUES (1055, '生成查询', 115, 1, '#', '', '', 1, 0, 'F', '0', '0', 'tool:gen:query', '#', 'admin', '2022-01-11 19:11:40', '', NULL, '');
INSERT INTO `sys_menu` VALUES (1056, '生成修改', 115, 2, '#', '', '', 1, 0, 'F', '0', '0', 'tool:gen:edit', '#', 'admin', '2022-01-11 19:11:40', '', NULL, '');
INSERT INTO `sys_menu` VALUES (1057, '生成删除', 115, 3, '#', '', '', 1, 0, 'F', '0', '0', 'tool:gen:remove', '#', 'admin', '2022-01-11 19:11:40', '', NULL, '');
INSERT INTO `sys_menu` VALUES (1058, '导入代码', 115, 2, '#', '', '', 1, 0, 'F', '0', '0', 'tool:gen:import', '#', 'admin', '2022-01-11 19:11:40', '', NULL, '');
INSERT INTO `sys_menu` VALUES (1059, '预览代码', 115, 4, '#', '', '', 1, 0, 'F', '0', '0', 'tool:gen:preview', '#', 'admin', '2022-01-11 19:11:40', '', NULL, '');
INSERT INTO `sys_menu` VALUES (1060, '生成代码', 115, 5, '#', '', '', 1, 0, 'F', '0', '0', 'tool:gen:code', '#', 'admin', '2022-01-11 19:11:40', '', NULL, '');
INSERT INTO `sys_menu` VALUES (2006, '公海管理', 0, 100, 'crm/pool', NULL, NULL, 1, 0, 'M', '0', '0', '', 'peoples', 'admin', '2022-01-12 19:23:39', 'admin', '2022-01-12 19:57:42', '');
INSERT INTO `sys_menu` VALUES (2007, '线索管理', 0, 101, 'crm/clues', NULL, NULL, 1, 0, 'M', '0', '0', '', 'time-range', 'admin', '2022-01-12 19:25:51', 'admin', '2022-01-12 19:49:32', '');
INSERT INTO `sys_menu` VALUES (2008, '客户管理', 0, 102, 'crm/customer', NULL, NULL, 1, 0, 'M', '0', '0', '', 'user', 'admin', '2022-01-12 19:26:15', 'admin', '2022-01-12 19:50:13', '');
INSERT INTO `sys_menu` VALUES (2009, '客户公海', 2006, 100, 'list', 'crm/pool/list', NULL, 1, 0, 'C', '0', '0', 'crm:pool:list', '#', 'admin', '2022-01-12 19:33:38', 'admin', '2022-01-12 19:59:51', '');
INSERT INTO `sys_menu` VALUES (2010, '我的线索', 2007, 100, 'person', 'crm/clues/person-list', NULL, 1, 0, 'C', '0', '0', 'crm:clues:person:list', '#', 'admin', '2022-01-12 19:37:30', 'admin', '2022-01-12 19:47:18', '');
INSERT INTO `sys_menu` VALUES (2011, '线索列表', 2007, 101, 'list', 'crm/clues/list', NULL, 1, 0, 'C', '0', '0', 'crm:clues:list', '#', 'admin', '2022-01-12 19:38:49', 'admin', '2022-01-12 19:50:03', '');
INSERT INTO `sys_menu` VALUES (2012, '我的客户', 2008, 100, 'person', 'crm/customer/person-list', NULL, 1, 0, 'C', '0', '0', 'crm:customer:person:list', '#', 'admin', '2022-01-12 19:42:14', 'admin', '2022-01-12 19:47:26', '');
INSERT INTO `sys_menu` VALUES (2013, '客户列表', 2008, 101, 'list', 'crm/customer/list', NULL, 1, 0, 'C', '0', '0', 'crm:customer:list', '#', 'admin', '2022-01-12 19:42:44', 'admin', '2022-01-12 19:50:29', '');
INSERT INTO `sys_menu` VALUES (2014, '成交客户', 2008, 102, 'deal', 'crm/customer/deal-list', NULL, 1, 0, 'C', '0', '0', 'crm:customer:deal:list', '#', 'admin', '2022-01-12 19:43:37', 'admin', '2022-01-12 19:50:32', '');
COMMIT;

-- ----------------------------
-- Table structure for sys_notice
-- ----------------------------
DROP TABLE IF EXISTS `sys_notice`;
CREATE TABLE `sys_notice` (
  `notice_id` int(4) NOT NULL AUTO_INCREMENT COMMENT '公告ID',
  `notice_title` varchar(50) NOT NULL COMMENT '公告标题',
  `notice_type` char(1) NOT NULL COMMENT '公告类型（1通知 2公告）',
  `notice_content` longblob COMMENT '公告内容',
  `status` char(1) DEFAULT '0' COMMENT '公告状态（0正常 1关闭）',
  `create_by` varchar(64) DEFAULT '' COMMENT '创建者',
  `create_time` datetime DEFAULT NULL COMMENT '创建时间',
  `update_by` varchar(64) DEFAULT '' COMMENT '更新者',
  `update_time` datetime DEFAULT NULL COMMENT '更新时间',
  `remark` varchar(255) DEFAULT NULL COMMENT '备注',
  PRIMARY KEY (`notice_id`)
) ENGINE=InnoDB AUTO_INCREMENT=3 DEFAULT CHARSET=utf8mb4 COMMENT='通知公告表';

-- ----------------------------
-- Records of sys_notice
-- ----------------------------
BEGIN;
INSERT INTO `sys_notice` VALUES (1, '温馨提醒：2018-07-01 若依新版本发布啦', '2', 0xE696B0E78988E69CACE58685E5AEB9, '0', 'admin', '2022-01-11 19:11:40', '', NULL, '管理员');
INSERT INTO `sys_notice` VALUES (2, '维护通知：2018-07-01 若依系统凌晨维护', '1', 0xE7BBB4E68AA4E58685E5AEB9, '0', 'admin', '2022-01-11 19:11:40', '', NULL, '管理员');
COMMIT;

-- ----------------------------
-- Table structure for sys_oper_log
-- ----------------------------
DROP TABLE IF EXISTS `sys_oper_log`;
CREATE TABLE `sys_oper_log` (
  `oper_id` bigint(20) NOT NULL AUTO_INCREMENT COMMENT '日志主键',
  `title` varchar(50) DEFAULT '' COMMENT '模块标题',
  `business_type` int(2) DEFAULT '0' COMMENT '业务类型（0其它 1新增 2修改 3删除）',
  `method` varchar(100) DEFAULT '' COMMENT '方法名称',
  `request_method` varchar(10) DEFAULT '' COMMENT '请求方式',
  `operator_type` int(1) DEFAULT '0' COMMENT '操作类别（0其它 1后台用户 2手机端用户）',
  `oper_name` varchar(50) DEFAULT '' COMMENT '操作人员',
  `dept_name` varchar(50) DEFAULT '' COMMENT '部门名称',
  `oper_url` varchar(255) DEFAULT '' COMMENT '请求URL',
  `oper_ip` varchar(128) DEFAULT '' COMMENT '主机地址',
  `oper_location` varchar(255) DEFAULT '' COMMENT '操作地点',
  `oper_param` varchar(2000) DEFAULT '' COMMENT '请求参数',
  `json_result` varchar(2000) DEFAULT '' COMMENT '返回参数',
  `status` int(1) DEFAULT '0' COMMENT '操作状态（0正常 1异常）',
  `error_msg` varchar(2000) DEFAULT '' COMMENT '错误消息',
  `oper_time` datetime DEFAULT NULL COMMENT '操作时间',
  PRIMARY KEY (`oper_id`)
) ENGINE=InnoDB DEFAULT CHARSET=utf8mb4 COMMENT='操作日志记录';

-- ----------------------------
-- Records of sys_oper_log
-- ----------------------------
BEGIN;
COMMIT;

-- ----------------------------
-- Table structure for sys_post
-- ----------------------------
DROP TABLE IF EXISTS `sys_post`;
CREATE TABLE `sys_post` (
  `post_id` bigint(20) NOT NULL AUTO_INCREMENT COMMENT '岗位ID',
  `post_code` varchar(64) NOT NULL COMMENT '岗位编码',
  `post_name` varchar(50) NOT NULL COMMENT '岗位名称',
  `post_sort` int(4) NOT NULL COMMENT '显示顺序',
  `status` char(1) NOT NULL COMMENT '状态（0正常 1停用）',
  `create_by` varchar(64) DEFAULT '' COMMENT '创建者',
  `create_time` datetime DEFAULT NULL COMMENT '创建时间',
  `update_by` varchar(64) DEFAULT '' COMMENT '更新者',
  `update_time` datetime DEFAULT NULL COMMENT '更新时间',
  `remark` varchar(500) DEFAULT NULL COMMENT '备注',
  PRIMARY KEY (`post_id`)
) ENGINE=InnoDB AUTO_INCREMENT=5 DEFAULT CHARSET=utf8mb4 COMMENT='岗位信息表';

-- ----------------------------
-- Records of sys_post
-- ----------------------------
BEGIN;
INSERT INTO `sys_post` VALUES (1, 'ceo', '董事长', 1, '0', 'admin', '2022-01-11 19:11:40', '', NULL, '');
INSERT INTO `sys_post` VALUES (2, 'se', '项目经理', 2, '0', 'admin', '2022-01-11 19:11:40', '', NULL, '');
INSERT INTO `sys_post` VALUES (3, 'hr', '人力资源', 3, '0', 'admin', '2022-01-11 19:11:40', '', NULL, '');
INSERT INTO `sys_post` VALUES (4, 'user', '普通员工', 4, '0', 'admin', '2022-01-11 19:11:40', '', NULL, '');
COMMIT;

-- ----------------------------
-- Table structure for sys_role
-- ----------------------------
DROP TABLE IF EXISTS `sys_role`;
CREATE TABLE `sys_role` (
  `role_id` bigint(20) NOT NULL AUTO_INCREMENT COMMENT '角色ID',
  `role_name` varchar(30) NOT NULL COMMENT '角色名称',
  `role_key` varchar(100) NOT NULL COMMENT '角色权限字符串',
  `role_sort` int(4) NOT NULL COMMENT '显示顺序',
  `data_scope` char(1) DEFAULT '1' COMMENT '数据范围（1：全部数据权限 2：自定数据权限 3：本部门数据权限 4：本部门及以下数据权限）',
  `menu_check_strictly` tinyint(1) DEFAULT '1' COMMENT '菜单树选择项是否关联显示',
  `dept_check_strictly` tinyint(1) DEFAULT '1' COMMENT '部门树选择项是否关联显示',
  `status` char(1) NOT NULL COMMENT '角色状态（0正常 1停用）',
  `del_flag` char(1) DEFAULT '0' COMMENT '删除标志（0代表存在 2代表删除）',
  `create_by` varchar(64) DEFAULT '' COMMENT '创建者',
  `create_time` datetime DEFAULT NULL COMMENT '创建时间',
  `update_by` varchar(64) DEFAULT '' COMMENT '更新者',
  `update_time` datetime DEFAULT NULL COMMENT '更新时间',
  `remark` varchar(500) DEFAULT NULL COMMENT '备注',
  PRIMARY KEY (`role_id`)
) ENGINE=InnoDB AUTO_INCREMENT=3 DEFAULT CHARSET=utf8mb4 COMMENT='角色信息表';

-- ----------------------------
-- Records of sys_role
-- ----------------------------
BEGIN;
INSERT INTO `sys_role` VALUES (1, '超级管理员', 'admin', 1, '1', 1, 1, '0', '0', 'admin', '2022-01-11 19:11:40', '', NULL, '超级管理员');
INSERT INTO `sys_role` VALUES (2, '普通角色', 'common', 2, '2', 1, 1, '0', '0', 'admin', '2022-01-11 19:11:40', 'admin', '2022-01-14 00:24:25', '普通角色');
COMMIT;

-- ----------------------------
-- Table structure for sys_role_dept
-- ----------------------------
DROP TABLE IF EXISTS `sys_role_dept`;
CREATE TABLE `sys_role_dept` (
  `role_id` bigint(20) NOT NULL COMMENT '角色ID',
  `dept_id` bigint(20) NOT NULL COMMENT '部门ID',
  PRIMARY KEY (`role_id`,`dept_id`)
) ENGINE=InnoDB DEFAULT CHARSET=utf8mb4 COMMENT='角色和部门关联表';

-- ----------------------------
-- Records of sys_role_dept
-- ----------------------------
BEGIN;
INSERT INTO `sys_role_dept` VALUES (2, 100);
INSERT INTO `sys_role_dept` VALUES (2, 101);
INSERT INTO `sys_role_dept` VALUES (2, 105);
COMMIT;

-- ----------------------------
-- Table structure for sys_role_menu
-- ----------------------------
DROP TABLE IF EXISTS `sys_role_menu`;
CREATE TABLE `sys_role_menu` (
  `role_id` bigint(20) NOT NULL COMMENT '角色ID',
  `menu_id` bigint(20) NOT NULL COMMENT '菜单ID',
  PRIMARY KEY (`role_id`,`menu_id`)
) ENGINE=InnoDB DEFAULT CHARSET=utf8mb4 COMMENT='角色和菜单关联表';

-- ----------------------------
-- Records of sys_role_menu
-- ----------------------------
BEGIN;
INSERT INTO `sys_role_menu` VALUES (2, 1);
INSERT INTO `sys_role_menu` VALUES (2, 2);
INSERT INTO `sys_role_menu` VALUES (2, 3);
INSERT INTO `sys_role_menu` VALUES (2, 100);
INSERT INTO `sys_role_menu` VALUES (2, 101);
INSERT INTO `sys_role_menu` VALUES (2, 102);
INSERT INTO `sys_role_menu` VALUES (2, 103);
INSERT INTO `sys_role_menu` VALUES (2, 104);
INSERT INTO `sys_role_menu` VALUES (2, 105);
INSERT INTO `sys_role_menu` VALUES (2, 106);
INSERT INTO `sys_role_menu` VALUES (2, 107);
INSERT INTO `sys_role_menu` VALUES (2, 108);
INSERT INTO `sys_role_menu` VALUES (2, 109);
INSERT INTO `sys_role_menu` VALUES (2, 110);
INSERT INTO `sys_role_menu` VALUES (2, 111);
INSERT INTO `sys_role_menu` VALUES (2, 112);
INSERT INTO `sys_role_menu` VALUES (2, 113);
INSERT INTO `sys_role_menu` VALUES (2, 114);
INSERT INTO `sys_role_menu` VALUES (2, 115);
INSERT INTO `sys_role_menu` VALUES (2, 116);
INSERT INTO `sys_role_menu` VALUES (2, 500);
INSERT INTO `sys_role_menu` VALUES (2, 501);
INSERT INTO `sys_role_menu` VALUES (2, 1001);
INSERT INTO `sys_role_menu` VALUES (2, 1002);
INSERT INTO `sys_role_menu` VALUES (2, 1003);
INSERT INTO `sys_role_menu` VALUES (2, 1004);
INSERT INTO `sys_role_menu` VALUES (2, 1005);
INSERT INTO `sys_role_menu` VALUES (2, 1006);
INSERT INTO `sys_role_menu` VALUES (2, 1007);
INSERT INTO `sys_role_menu` VALUES (2, 1008);
INSERT INTO `sys_role_menu` VALUES (2, 1009);
INSERT INTO `sys_role_menu` VALUES (2, 1010);
INSERT INTO `sys_role_menu` VALUES (2, 1011);
INSERT INTO `sys_role_menu` VALUES (2, 1012);
INSERT INTO `sys_role_menu` VALUES (2, 1013);
INSERT INTO `sys_role_menu` VALUES (2, 1014);
INSERT INTO `sys_role_menu` VALUES (2, 1015);
INSERT INTO `sys_role_menu` VALUES (2, 1016);
INSERT INTO `sys_role_menu` VALUES (2, 1017);
INSERT INTO `sys_role_menu` VALUES (2, 1018);
INSERT INTO `sys_role_menu` VALUES (2, 1019);
INSERT INTO `sys_role_menu` VALUES (2, 1020);
INSERT INTO `sys_role_menu` VALUES (2, 1021);
INSERT INTO `sys_role_menu` VALUES (2, 1022);
INSERT INTO `sys_role_menu` VALUES (2, 1023);
INSERT INTO `sys_role_menu` VALUES (2, 1024);
INSERT INTO `sys_role_menu` VALUES (2, 1025);
INSERT INTO `sys_role_menu` VALUES (2, 1026);
INSERT INTO `sys_role_menu` VALUES (2, 1027);
INSERT INTO `sys_role_menu` VALUES (2, 1028);
INSERT INTO `sys_role_menu` VALUES (2, 1029);
INSERT INTO `sys_role_menu` VALUES (2, 1030);
INSERT INTO `sys_role_menu` VALUES (2, 1031);
INSERT INTO `sys_role_menu` VALUES (2, 1032);
INSERT INTO `sys_role_menu` VALUES (2, 1033);
INSERT INTO `sys_role_menu` VALUES (2, 1034);
INSERT INTO `sys_role_menu` VALUES (2, 1035);
INSERT INTO `sys_role_menu` VALUES (2, 1036);
INSERT INTO `sys_role_menu` VALUES (2, 1037);
INSERT INTO `sys_role_menu` VALUES (2, 1038);
INSERT INTO `sys_role_menu` VALUES (2, 1039);
INSERT INTO `sys_role_menu` VALUES (2, 1040);
INSERT INTO `sys_role_menu` VALUES (2, 1041);
INSERT INTO `sys_role_menu` VALUES (2, 1042);
INSERT INTO `sys_role_menu` VALUES (2, 1043);
INSERT INTO `sys_role_menu` VALUES (2, 1044);
INSERT INTO `sys_role_menu` VALUES (2, 1045);
INSERT INTO `sys_role_menu` VALUES (2, 1046);
INSERT INTO `sys_role_menu` VALUES (2, 1047);
INSERT INTO `sys_role_menu` VALUES (2, 1048);
INSERT INTO `sys_role_menu` VALUES (2, 1049);
INSERT INTO `sys_role_menu` VALUES (2, 1050);
INSERT INTO `sys_role_menu` VALUES (2, 1051);
INSERT INTO `sys_role_menu` VALUES (2, 1052);
INSERT INTO `sys_role_menu` VALUES (2, 1053);
INSERT INTO `sys_role_menu` VALUES (2, 1054);
INSERT INTO `sys_role_menu` VALUES (2, 1055);
INSERT INTO `sys_role_menu` VALUES (2, 1056);
INSERT INTO `sys_role_menu` VALUES (2, 1057);
INSERT INTO `sys_role_menu` VALUES (2, 1058);
INSERT INTO `sys_role_menu` VALUES (2, 1059);
INSERT INTO `sys_role_menu` VALUES (2, 1060);
INSERT INTO `sys_role_menu` VALUES (2, 2006);
INSERT INTO `sys_role_menu` VALUES (2, 2007);
INSERT INTO `sys_role_menu` VALUES (2, 2008);
INSERT INTO `sys_role_menu` VALUES (2, 2009);
INSERT INTO `sys_role_menu` VALUES (2, 2010);
INSERT INTO `sys_role_menu` VALUES (2, 2012);
INSERT INTO `sys_role_menu` VALUES (2, 2014);
COMMIT;

-- ----------------------------
-- Table structure for sys_user
-- ----------------------------
DROP TABLE IF EXISTS `sys_user`;
CREATE TABLE `sys_user` (
  `user_id` bigint(20) NOT NULL AUTO_INCREMENT COMMENT '用户ID',
  `dept_id` bigint(20) DEFAULT NULL COMMENT '部门ID',
  `user_name` varchar(30) NOT NULL COMMENT '用户账号',
  `nick_name` varchar(30) NOT NULL COMMENT '用户昵称',
  `user_type` varchar(2) DEFAULT '00' COMMENT '用户类型（00系统用户）',
  `email` varchar(50) DEFAULT '' COMMENT '用户邮箱',
  `phonenumber` varchar(11) DEFAULT '' COMMENT '手机号码',
  `sex` char(1) DEFAULT '0' COMMENT '用户性别（0男 1女 2未知）',
  `avatar` varchar(100) DEFAULT '' COMMENT '头像地址',
  `password` varchar(100) DEFAULT '' COMMENT '密码',
  `status` char(1) DEFAULT '0' COMMENT '帐号状态（0正常 1停用）',
  `del_flag` char(1) DEFAULT '0' COMMENT '删除标志（0代表存在 2代表删除）',
  `login_ip` varchar(128) DEFAULT '' COMMENT '最后登录IP',
  `login_date` datetime DEFAULT NULL COMMENT '最后登录时间',
  `create_by` varchar(64) DEFAULT '' COMMENT '创建者',
  `create_time` datetime DEFAULT NULL COMMENT '创建时间',
  `update_by` varchar(64) DEFAULT '' COMMENT '更新者',
  `update_time` datetime DEFAULT NULL COMMENT '更新时间',
  `remark` varchar(500) DEFAULT NULL COMMENT '备注',
  PRIMARY KEY (`user_id`)
) ENGINE=InnoDB AUTO_INCREMENT=102 DEFAULT CHARSET=utf8mb4 COMMENT='用户信息表';

-- ----------------------------
-- Records of sys_user
-- ----------------------------
BEGIN;
INSERT INTO `sys_user` VALUES (1, 103, 'admin', '若依', '00', 'ry@163.com', '15888888888', '1', '', '$2a$10$7JB720yubVSZvUI0rEqK/.VqGOZTH.ulu33dHOiBE8ByOhJIrdAu2', '0', '0', '127.0.0.1', '2022-01-18 11:27:31', 'admin', '2022-01-11 19:11:40', '', '2022-01-18 11:27:30', '管理员');
INSERT INTO `sys_user` VALUES (2, 105, 'ry', '若依-Tenant-1', '00', 'ry@qq.com', '15666666666', '1', '', '$2a$10$7JB720yubVSZvUI0rEqK/.VqGOZTH.ulu33dHOiBE8ByOhJIrdAu2', '0', '0', '127.0.0.1', '2022-01-11 19:11:40', 'admin', '2022-01-11 19:11:40', 'admin', '2022-01-11 19:14:51', '测试员');
INSERT INTO `sys_user` VALUES (100, NULL, '234234', '34234234', '00', '', '', '0', '', '$2a$10$yBLvNuj5ifOmi07klqlZWenVv3eF.aYo1wzatgAtsFEzot1RGK/kq', '0', '2', '', NULL, 'admin', '2022-01-12 11:03:06', '', NULL, NULL);
INSERT INTO `sys_user` VALUES (101, NULL, 'TenantUser01', 'TenantUser01', '00', '', '', '0', '', '$2a$10$nBpTvNi//kRZbY.vT0057OKe71HlUZsKQIBcmg2rTLVaJVFM0A5uK', '0', '0', '127.0.0.1', '2022-01-14 10:01:20', 'admin', '2022-01-14 00:24:02', 'admin', '2022-01-14 10:01:20', NULL);
COMMIT;

-- ----------------------------
-- Table structure for sys_user_post
-- ----------------------------
DROP TABLE IF EXISTS `sys_user_post`;
CREATE TABLE `sys_user_post` (
  `user_id` bigint(20) NOT NULL COMMENT '用户ID',
  `post_id` bigint(20) NOT NULL COMMENT '岗位ID',
  PRIMARY KEY (`user_id`,`post_id`)
) ENGINE=InnoDB DEFAULT CHARSET=utf8mb4 COMMENT='用户与岗位关联表';

-- ----------------------------
-- Records of sys_user_post
-- ----------------------------
BEGIN;
INSERT INTO `sys_user_post` VALUES (1, 1);
INSERT INTO `sys_user_post` VALUES (2, 2);
COMMIT;

-- ----------------------------
-- Table structure for sys_user_role
-- ----------------------------
DROP TABLE IF EXISTS `sys_user_role`;
CREATE TABLE `sys_user_role` (
  `user_id` bigint(20) NOT NULL COMMENT '用户ID',
  `role_id` bigint(20) NOT NULL COMMENT '角色ID',
  PRIMARY KEY (`user_id`,`role_id`)
) ENGINE=InnoDB DEFAULT CHARSET=utf8mb4 COMMENT='用户和角色关联表';

-- ----------------------------
-- Records of sys_user_role
-- ----------------------------
BEGIN;
INSERT INTO `sys_user_role` VALUES (1, 1);
INSERT INTO `sys_user_role` VALUES (2, 2);
INSERT INTO `sys_user_role` VALUES (101, 2);
COMMIT;

SET FOREIGN_KEY_CHECKS = 1;
